phase,total_runs
Powerplay,1.4119429070783571
Middle Overs,1.5237619984148882
Death Overs,1.8612173068754172
