toss_decision,count,mean,win_percentage
bat,391,0.44501278772378516,44.50127877237852
field,704,0.53125,53.125
