phase,total_runs
Powerplay,1.0729855072463768
Middle Overs,1.058424378248825
Death Overs,1.2511488010694294
